<?xml version="1.0" encoding="UTF-8"?>
<project-private xmlns="http://www.netbeans.org/ns/project-private/1">
    <editor-bookmarks xmlns="http://www.netbeans.org/ns/editor-bookmarks/2" lastBookmarkId="0"/>
    <open-files xmlns="http://www.netbeans.org/ns/projectui-open-files/2">
        <group>
            <file>file:/C:/Users/PC/Documents/NetBeansProjects/TesteVrSoft/nbproject/build-impl.xml</file>
            <file>file:/C:/Users/PC/Documents/NetBeansProjects/TesteVrSoft/src/view/JFrameAlunosEdicao.java</file>
            <file>file:/C:/Users/PC/Documents/NetBeansProjects/TesteVrSoft/src/view/JFrameMenu.java</file>
            <file>file:/C:/Users/PC/Documents/NetBeansProjects/TesteVrSoft/src/model/Curso.java</file>
            <file>file:/C:/Users/PC/Documents/NetBeansProjects/TesteVrSoft/src/model/Aluno.java</file>
            <file>file:/C:/Users/PC/Documents/NetBeansProjects/TesteVrSoft/src/view/JFrameCursos.java</file>
            <file>file:/C:/Users/PC/Documents/NetBeansProjects/TesteVrSoft/src/view/JFrameAlunos.java</file>
            <file>file:/C:/Users/PC/Documents/NetBeansProjects/TesteVrSoft/src/model/CursoAluno.java</file>
        </group>
    </open-files>
</project-private>
